title,url,summary,image_1,image_2,image_3,image_4,image_5,image_6,image_7,image_8,image_9,image_10,image_11,image_12,image_13,image_14,image_15,image_16,image_17,image_18,image_19,image_20,image_21,image_22,image_23,image_24,image_25,image_26,image_27,image_28,image_29,image_30,image_31,image_32,image_33,image_34,image_35,image_36,image_37,image_38,image_39,image_40,image_41,image_42,image_43,image_44,image_45,image_46,image_47,image_48,image_49,image_50,image_51,image_52,image_53,image_54,image_55
"4756 E Moreland St, Phoenix, AZ (Phoenix)",https://homesolutionshelper.com,,https://mmhome.h7marketing.com/assets?file=5187203000089392016.4756 moreland.jpg,,,,,,,,,,,,,,,,,,,,,,,,,,,,,,,,,,,,,,,,,,,,,,,,,,,,,,
"1463 N 53RD Dr Phoenix, AZ (Phoenix)",https://homesolutionshelper.com,,https://mmhome.h7marketing.com/assets?file=5187203000092018015.1463 n 53rd dr.jpg,,,,,,,,,,,,,,,,,,,,,,,,,,,,,,,,,,,,,,,,,,,,,,,,,,,,,,
"3316 W Saint Kateri Dr, Phoenix Az 85041 (Phoenix)",https://homesolutionshelper.com,,https://mmhome.h7marketing.com/assets?file=5187203000092018037.saint kateri phoenix.jpeg,,,,,,,,,,,,,,,,,,,,,,,,,,,,,,,,,,,,,,,,,,,,,,,,,,,,,,
"24997 W Illini St, Buckeye AZ (Buckeye)",https://homesolutionshelper.com,,https://mmhome.h7marketing.com/assets?file=5187203000090698023.ILLINI BUCKEYE.jpeg,,,,,,,,,,,,,,,,,,,,,,,,,,,,,,,,,,,,,,,,,,,,,,,,,,,,,,
"9260 W Polk St, Tolleson, AZ 85353 (Tolleson)",https://homesolutionshelper.com,,https://mmhome.h7marketing.com/assets?file=5187203000089392029.POLK TOLLESON.jpeg,,,,,,,,,,,,,,,,,,,,,,,,,,,,,,,,,,,,,,,,,,,,,,,,,,,,,,
"16218 N 159Th Ave, Surprise, AZ (Surprise)",https://homesolutionshelper.com,,https://mmhome.h7marketing.com/assets?file=5187203000089392003.SURPRISE 159TH.jpeg,,,,,,,,,,,,,,,,,,,,,,,,,,,,,,,,,,,,,,,,,,,,,,,,,,,,,,
"7732 W Mitchell Dr, Phoenix AZ 85033 (Phoenix)",https://homesolutionshelper.com,,https://mmhome.h7marketing.com/assets?file=5187203000088823023.mitchell duplex.jpeg,,,,,,,,,,,,,,,,,,,,,,,,,,,,,,,,,,,,,,,,,,,,,,,,,,,,,,
"310 E. Centre Ave Buckeye, Az 85326 (Buckeye)",https://homesolutionshelper.com,,https://mmhome.h7marketing.com/assets?file=5187203000086371017.IMG_7989.jpg,,,,,,,,,,,,,,,,,,,,,,,,,,,,,,,,,,,,,,,,,,,,,,,,,,,,,,
504-32-045D (Tonopah),https://homesolutionshelper.com,,https://mmhome.h7marketing.com/assets?file=5187203000086220456.10 ACRES 339 BROADWAY.jpeg,,,,,,,,,,,,,,,,,,,,,,,,,,,,,,,,,,,,,,,,,,,,,,,,,,,,,,
"17262 W Tara Ln, Surprise AZ (Surprise)",https://homesolutionshelper.com,,https://mmhome.h7marketing.com/assets?file=5187203000086220365.TARA SURPRISE.jpeg,,,,,,,,,,,,,,,,,,,,,,,,,,,,,,,,,,,,,,,,,,,,,,,,,,,,,,
"3645 N 69th Ave Unit 61, Phoenix, AZ 85033 (Phoenix)",https://homesolutionshelper.com,,https://mmhome.h7marketing.com/assets?file=5187203000084115073.condo #69.jpeg,,,,,,,,,,,,,,,,,,,,,,,,,,,,,,,,,,,,,,,,,,,,,,,,,,,,,,
"19156 N Taft Ave, Maricopa, AZ (Maricopa)",https://homesolutionshelper.com,,"https://mmhome.h7marketing.com/assets?file=5187203000084178003.TAFT AVE, MARICOPA.jpeg",,,,,,,,,,,,,,,,,,,,,,,,,,,,,,,,,,,,,,,,,,,,,,,,,,,,,,
5418 S 12th Way (Phoenix),https://homesolutionshelper.com,,https://mmhome.h7marketing.com/assets?file=5187203000083208001.12th way.jpeg,,,,,,,,,,,,,,,,,,,,,,,,,,,,,,,,,,,,,,,,,,,,,,,,,,,,,,
5601 E Presidio Rd (Scottsdale),https://homesolutionshelper.com,,https://mmhome.h7marketing.com/assets?file=5187203000050585143.IMG_6547.jpg,,,,,,,,,,,,,,,,,,,,,,,,,,,,,,,,,,,,,,,,,,,,,,,,,,,,,,
"4209 N 19TH Avenue, Phoenix, AZ (Phoenix)",https://homesolutionshelper.com,,https://mmhome.h7marketing.com/assets?file=5187203000078929003.comercial 19ave.jpeg,,,,,,,,,,,,,,,,,,,,,,,,,,,,,,,,,,,,,,,,,,,,,,,,,,,,,,
"7434 N 44Th Dr, Glendale, AZ (Glendale)",https://homesolutionshelper.com,,https://mmhome.h7marketing.com/assets?file=5187203000051718023.IMG_7925.jpeg,,,,,,,,,,,,,,,,,,,,,,,,,,,,,,,,,,,,,,,,,,,,,,,,,,,,,,
50644091A (Tonopah),https://homesolutionshelper.com,,https://mmhome.h7marketing.com/assets?file=5187203000078247003.5 ACRES.jpeg,,,,,,,,,,,,,,,,,,,,,,,,,,,,,,,,,,,,,,,,,,,,,,,,,,,,,,
48138 W Willetta St (Tonopah),https://homesolutionshelper.com,,https://mmhome.h7marketing.com/assets?file=5187203000017781006.IMG_0488.jpeg,,,,,,,,,,,,,,,,,,,,,,,,,,,,,,,,,,,,,,,,,,,,,,,,,,,,,,
506-44-177B (Tonopah),https://homesolutionshelper.com,,"https://mmhome.h7marketing.com/assets?file=5187203000023585001.Photo Jan 09 2024, 9 04 34 AM (2).jpeg",,,,,,,,,,,,,,,,,,,,,,,,,,,,,,,,,,,,,,,,,,,,,,,,,,,,,,
2220 W Indian School Rd (Phoenix),https://homesolutionshelper.com,,https://mmhome.h7marketing.com/assets?file=5187203000050599181.20241106175255337202000000-o.jpg,,,,,,,,,,,,,,,,,,,,,,,,,,,,,,,,,,,,,,,,,,,,,,,,,,,,,,
50633559S Lot #1 (Tonopah),https://homesolutionshelper.com,,https://mmhome.h7marketing.com/assets?file=5187203000043323003.IMG_0454.jpeg,,,,,,,,,,,,,,,,,,,,,,,,,,,,,,,,,,,,,,,,,,,,,,,,,,,,,,
2809 E Frye Rd (Phoenix),https://homesolutionshelper.com,,https://mmhome.h7marketing.com/assets?file=5187203000050599254.20240905043154346603000000-o.jpg,https://mmhome.h7marketing.com/assets?file=5187203000050599254.20240905042815716320000000-o.jpg,https://mmhome.h7marketing.com/assets?file=5187203000050599254.20240905043018306776000000-o.jpg,https://mmhome.h7marketing.com/assets?file=5187203000050599254.20240905043044262722000000-o.jpg,https://mmhome.h7marketing.com/assets?file=5187203000050599254.20240905043145465437000000-o.jpg,https://mmhome.h7marketing.com/assets?file=5187203000050599254.20240905043105400741000000-o.jpg,https://mmhome.h7marketing.com/assets?file=5187203000050599254.20240905042925372062000000-o.jpg,https://mmhome.h7marketing.com/assets?file=5187203000050599254.20240905042907010168000000-o.jpg,https://mmhome.h7marketing.com/assets?file=5187203000050599254.20240905042901341881000000-o.jpg,https://mmhome.h7marketing.com/assets?file=5187203000050599254.20240905042913112485000000-o.jpg,,,,,,,,,,,,,,,,,,,,,,,,,,,,,,,,,,,,,,,,,,,,,
307 W Hatcher Rd (Phoenix),https://homesolutionshelper.com,,https://mmhome.h7marketing.com/assets?file=5187203000050599073.dBYdFByY.jpeg,,,,,,,,,,,,,,,,,,,,,,,,,,,,,,,,,,,,,,,,,,,,,,,,,,,,,,
2306 E Washington St (Phoenix),https://homesolutionshelper.com,,https://mmhome.h7marketing.com/assets?file=5187203000050599210.Screenshot 2024-10-23 202920.jpg,https://mmhome.h7marketing.com/assets?file=5187203000050599210.20241008181154084958000000-o.jpg,https://mmhome.h7marketing.com/assets?file=5187203000050599210.Screenshot 2024-10-23 203013.jpg,,,,,,,,,,,,,,,,,,,,,,,,,,,,,,,,,,,,,,,,,,,,,,,,,,,,
12638 N 28Th Dr (Phoenix),https://homesolutionshelper.com,,https://mmhome.h7marketing.com/assets?file=5187203000050599168.20230820235244172372000000-o.jpg,,,,,,,,,,,,,,,,,,,,,,,,,,,,,,,,,,,,,,,,,,,,,,,,,,,,,,
333 W Bethany Home Rd (Phoenix),https://homesolutionshelper.com,,https://mmhome.h7marketing.com/assets?file=5187203000050585007.333 w bethany home.jpg,,,,,,,,,,,,,,,,,,,,,,,,,,,,,,,,,,,,,,,,,,,,,,,,,,,,,,
"122 N Sunaire, Mesa, AZ (Mesa)",https://homesolutionshelper.com,,https://mmhome.h7marketing.com/assets?file=5187203000055326636.20240830053153342092000000-o.jpg,,,,,,,,,,,,,,,,,,,,,,,,,,,,,,,,,,,,,,,,,,,,,,,,,,,,,,
"119 W Mohave St, Phoenix, AZ (Phoenix)",https://homesolutionshelper.com,,https://mmhome.h7marketing.com/assets?file=5187203000053220016.IMG_8475.jpeg,,,,,,,,,,,,,,,,,,,,,,,,,,,,,,,,,,,,,,,,,,,,,,,,,,,,,,
10810 N Fairway Ct W (Sun City),https://homesolutionshelper.com,,https://mmhome.h7marketing.com/assets?file=5187203000050599110.20210818173015237024000000-o.jpg,https://mmhome.h7marketing.com/assets?file=5187203000050599110.20210818173106827982000000-o.jpg,https://mmhome.h7marketing.com/assets?file=5187203000050599110.20210818173535999031000000-o.jpg,https://mmhome.h7marketing.com/assets?file=5187203000050599110.20210818172709519569000000-o.jpg,https://mmhome.h7marketing.com/assets?file=5187203000050599110.20210818173708287983000000.jpg,https://mmhome.h7marketing.com/assets?file=5187203000050599110.20210818172703792507000000-o.jpg,,,,,,,,,,,,,,,,,,,,,,,,,,,,,,,,,,,,,,,,,,,,,,,,,
50432065C (Tonopah),https://homesolutionshelper.com,,https://mmhome.h7marketing.com/assets?file=5187203000046684043.IMG_6245.jpeg,,,,,,,,,,,,,,,,,,,,,,,,,,,,,,,,,,,,,,,,,,,,,,,,,,,,,,
504-32-065A (Tonopah),https://homesolutionshelper.com,,https://mmhome.h7marketing.com/assets?file=5187203000046684025.IMG_6242.jpeg,,,,,,,,,,,,,,,,,,,,,,,,,,,,,,,,,,,,,,,,,,,,,,,,,,,,,,
"79188 73Rd Ln, Salome, AZ (Tonopah)",https://homesolutionshelper.com,,"https://mmhome.h7marketing.com/assets?file=5187203000031632003.photo may 27, 2 19 11 pm.jpg",,,,,,,,,,,,,,,,,,,,,,,,,,,,,,,,,,,,,,,,,,,,,,,,,,,,,,
Contact Us,https://homesolutionshelper.com,,mm-logo.png,mm-logo.png,logo.png,https://mmhome.h7marketing.com/assets?file=5187203000089392016.4756 moreland.jpg,https://mmhome.h7marketing.com/assets?file=5187203000092018015.1463 n 53rd dr.jpg,https://mmhome.h7marketing.com/assets?file=5187203000092018037.saint kateri phoenix.jpeg,https://mmhome.h7marketing.com/assets?file=5187203000090698023.ILLINI BUCKEYE.jpeg,https://mmhome.h7marketing.com/assets?file=5187203000089392029.POLK TOLLESON.jpeg,https://mmhome.h7marketing.com/assets?file=5187203000089392003.SURPRISE 159TH.jpeg,https://mmhome.h7marketing.com/assets?file=5187203000088823023.mitchell duplex.jpeg,https://mmhome.h7marketing.com/assets?file=5187203000086371017.IMG_7989.jpg,https://mmhome.h7marketing.com/assets?file=5187203000086220456.10 ACRES 339 BROADWAY.jpeg,https://mmhome.h7marketing.com/assets?file=5187203000086220365.TARA SURPRISE.jpeg,https://mmhome.h7marketing.com/assets?file=5187203000084115073.condo #69.jpeg,"https://mmhome.h7marketing.com/assets?file=5187203000084178003.TAFT AVE, MARICOPA.jpeg",https://mmhome.h7marketing.com/assets?file=5187203000083208001.12th way.jpeg,https://mmhome.h7marketing.com/assets?file=5187203000050585143.IMG_6547.jpg,https://mmhome.h7marketing.com/assets?file=5187203000078929003.comercial 19ave.jpeg,https://mmhome.h7marketing.com/assets?file=5187203000051718023.IMG_7925.jpeg,https://mmhome.h7marketing.com/assets?file=5187203000078247003.5 ACRES.jpeg,https://mmhome.h7marketing.com/assets?file=5187203000017781006.IMG_0488.jpeg,"https://mmhome.h7marketing.com/assets?file=5187203000023585001.Photo Jan 09 2024, 9 04 34 AM (2).jpeg",https://mmhome.h7marketing.com/assets?file=5187203000050599181.20241106175255337202000000-o.jpg,https://mmhome.h7marketing.com/assets?file=5187203000043323003.IMG_0454.jpeg,https://mmhome.h7marketing.com/assets?file=5187203000050599254.20240905043154346603000000-o.jpg,https://mmhome.h7marketing.com/assets?file=5187203000050599254.20240905042815716320000000-o.jpg,https://mmhome.h7marketing.com/assets?file=5187203000050599254.20240905043018306776000000-o.jpg,https://mmhome.h7marketing.com/assets?file=5187203000050599254.20240905043044262722000000-o.jpg,https://mmhome.h7marketing.com/assets?file=5187203000050599254.20240905043145465437000000-o.jpg,https://mmhome.h7marketing.com/assets?file=5187203000050599254.20240905043105400741000000-o.jpg,https://mmhome.h7marketing.com/assets?file=5187203000050599254.20240905042925372062000000-o.jpg,https://mmhome.h7marketing.com/assets?file=5187203000050599254.20240905042907010168000000-o.jpg,https://mmhome.h7marketing.com/assets?file=5187203000050599254.20240905042901341881000000-o.jpg,https://mmhome.h7marketing.com/assets?file=5187203000050599254.20240905042913112485000000-o.jpg,https://mmhome.h7marketing.com/assets?file=5187203000050599073.dBYdFByY.jpeg,https://mmhome.h7marketing.com/assets?file=5187203000050599210.Screenshot 2024-10-23 202920.jpg,https://mmhome.h7marketing.com/assets?file=5187203000050599210.20241008181154084958000000-o.jpg,https://mmhome.h7marketing.com/assets?file=5187203000050599210.Screenshot 2024-10-23 203013.jpg,https://mmhome.h7marketing.com/assets?file=5187203000050599168.20230820235244172372000000-o.jpg,https://mmhome.h7marketing.com/assets?file=5187203000050585007.333 w bethany home.jpg,https://mmhome.h7marketing.com/assets?file=5187203000055326636.20240830053153342092000000-o.jpg,https://mmhome.h7marketing.com/assets?file=5187203000053220016.IMG_8475.jpeg,https://mmhome.h7marketing.com/assets?file=5187203000050599110.20210818173015237024000000-o.jpg,https://mmhome.h7marketing.com/assets?file=5187203000050599110.20210818173106827982000000-o.jpg,https://mmhome.h7marketing.com/assets?file=5187203000050599110.20210818173535999031000000-o.jpg,https://mmhome.h7marketing.com/assets?file=5187203000050599110.20210818172709519569000000-o.jpg,https://mmhome.h7marketing.com/assets?file=5187203000050599110.20210818173708287983000000.jpg,https://mmhome.h7marketing.com/assets?file=5187203000050599110.20210818172703792507000000-o.jpg,https://mmhome.h7marketing.com/assets?file=5187203000046684043.IMG_6245.jpeg,https://mmhome.h7marketing.com/assets?file=5187203000046684025.IMG_6242.jpeg,"https://mmhome.h7marketing.com/assets?file=5187203000031632003.photo may 27, 2 19 11 pm.jpg",ThePrimeOffer-Logo-dark-100h-0.png,fb.png,instagram.png,"https://m.bbb.org/terminuscontent/dist/img/business-profile/accreditation/AB-seal-horz.svg?tx=f_svg,w_180"
Thank You!,https://homesolutionshelper.com,,mm-logo.png,mm-logo.png,logo.png,https://mmhome.h7marketing.com/assets?file=5187203000089392016.4756 moreland.jpg,https://mmhome.h7marketing.com/assets?file=5187203000092018015.1463 n 53rd dr.jpg,https://mmhome.h7marketing.com/assets?file=5187203000092018037.saint kateri phoenix.jpeg,https://mmhome.h7marketing.com/assets?file=5187203000090698023.ILLINI BUCKEYE.jpeg,https://mmhome.h7marketing.com/assets?file=5187203000089392029.POLK TOLLESON.jpeg,https://mmhome.h7marketing.com/assets?file=5187203000089392003.SURPRISE 159TH.jpeg,https://mmhome.h7marketing.com/assets?file=5187203000088823023.mitchell duplex.jpeg,https://mmhome.h7marketing.com/assets?file=5187203000086371017.IMG_7989.jpg,https://mmhome.h7marketing.com/assets?file=5187203000086220456.10 ACRES 339 BROADWAY.jpeg,https://mmhome.h7marketing.com/assets?file=5187203000086220365.TARA SURPRISE.jpeg,https://mmhome.h7marketing.com/assets?file=5187203000084115073.condo #69.jpeg,"https://mmhome.h7marketing.com/assets?file=5187203000084178003.TAFT AVE, MARICOPA.jpeg",https://mmhome.h7marketing.com/assets?file=5187203000083208001.12th way.jpeg,https://mmhome.h7marketing.com/assets?file=5187203000050585143.IMG_6547.jpg,https://mmhome.h7marketing.com/assets?file=5187203000078929003.comercial 19ave.jpeg,https://mmhome.h7marketing.com/assets?file=5187203000051718023.IMG_7925.jpeg,https://mmhome.h7marketing.com/assets?file=5187203000078247003.5 ACRES.jpeg,https://mmhome.h7marketing.com/assets?file=5187203000017781006.IMG_0488.jpeg,"https://mmhome.h7marketing.com/assets?file=5187203000023585001.Photo Jan 09 2024, 9 04 34 AM (2).jpeg",https://mmhome.h7marketing.com/assets?file=5187203000050599181.20241106175255337202000000-o.jpg,https://mmhome.h7marketing.com/assets?file=5187203000043323003.IMG_0454.jpeg,https://mmhome.h7marketing.com/assets?file=5187203000050599254.20240905043154346603000000-o.jpg,https://mmhome.h7marketing.com/assets?file=5187203000050599254.20240905042815716320000000-o.jpg,https://mmhome.h7marketing.com/assets?file=5187203000050599254.20240905043018306776000000-o.jpg,https://mmhome.h7marketing.com/assets?file=5187203000050599254.20240905043044262722000000-o.jpg,https://mmhome.h7marketing.com/assets?file=5187203000050599254.20240905043145465437000000-o.jpg,https://mmhome.h7marketing.com/assets?file=5187203000050599254.20240905043105400741000000-o.jpg,https://mmhome.h7marketing.com/assets?file=5187203000050599254.20240905042925372062000000-o.jpg,https://mmhome.h7marketing.com/assets?file=5187203000050599254.20240905042907010168000000-o.jpg,https://mmhome.h7marketing.com/assets?file=5187203000050599254.20240905042901341881000000-o.jpg,https://mmhome.h7marketing.com/assets?file=5187203000050599254.20240905042913112485000000-o.jpg,https://mmhome.h7marketing.com/assets?file=5187203000050599073.dBYdFByY.jpeg,https://mmhome.h7marketing.com/assets?file=5187203000050599210.Screenshot 2024-10-23 202920.jpg,https://mmhome.h7marketing.com/assets?file=5187203000050599210.20241008181154084958000000-o.jpg,https://mmhome.h7marketing.com/assets?file=5187203000050599210.Screenshot 2024-10-23 203013.jpg,https://mmhome.h7marketing.com/assets?file=5187203000050599168.20230820235244172372000000-o.jpg,https://mmhome.h7marketing.com/assets?file=5187203000050585007.333 w bethany home.jpg,https://mmhome.h7marketing.com/assets?file=5187203000055326636.20240830053153342092000000-o.jpg,https://mmhome.h7marketing.com/assets?file=5187203000053220016.IMG_8475.jpeg,https://mmhome.h7marketing.com/assets?file=5187203000050599110.20210818173015237024000000-o.jpg,https://mmhome.h7marketing.com/assets?file=5187203000050599110.20210818173106827982000000-o.jpg,https://mmhome.h7marketing.com/assets?file=5187203000050599110.20210818173535999031000000-o.jpg,https://mmhome.h7marketing.com/assets?file=5187203000050599110.20210818172709519569000000-o.jpg,https://mmhome.h7marketing.com/assets?file=5187203000050599110.20210818173708287983000000.jpg,https://mmhome.h7marketing.com/assets?file=5187203000050599110.20210818172703792507000000-o.jpg,https://mmhome.h7marketing.com/assets?file=5187203000046684043.IMG_6245.jpeg,https://mmhome.h7marketing.com/assets?file=5187203000046684025.IMG_6242.jpeg,"https://mmhome.h7marketing.com/assets?file=5187203000031632003.photo may 27, 2 19 11 pm.jpg",ThePrimeOffer-Logo-dark-100h-0.png,fb.png,instagram.png,"https://m.bbb.org/terminuscontent/dist/img/business-profile/accreditation/AB-seal-horz.svg?tx=f_svg,w_180"
